﻿{"cameraMode":{"drawMode":0,"name":"Shaded","section":"Shading Mode"},"sceneLighting":true,"audioPlay":false,"sceneViewState":{"showFog":false,"showMaterialUpdate":false,"showSkybox":false,"showFlares":false,"showImageEffects":false,"showParticleSystems":false},"in2DMode":false,"pivot":{"x":-8.421785354614258,"y":-41.617393493652347,"z":44.08584976196289},"rotation":{"x":-0.3691604435443878,"y":0.07294724881649018,"z":-0.029080117121338846,"w":-0.9260419011116028},"size":78.70573425292969,"orthographic":false}