﻿{"cameraMode":{"drawMode":0,"name":"Shaded","section":"Shading Mode"},"sceneLighting":true,"audioPlay":false,"sceneViewState":{"showFog":false,"showMaterialUpdate":false,"showSkybox":false,"showFlares":false,"showImageEffects":false,"showParticleSystems":false},"in2DMode":false,"pivot":{"x":0.3894828259944916,"y":8.632803916931153,"z":-5.857250213623047},"rotation":{"x":-0.5361430644989014,"y":0.010206485167145729,"z":-0.0064844549633562569,"w":-0.84404057264328},"size":8.549238204956055,"orthographic":false}